timestamp,model_name,dataset_type,accuracy,weighted_f1,weighted_precision,weighted_recall,roc_auc_ovr,training_time,memory_usage,per_class_f1,cohens_kappa,matthews_corrcoef,log_loss,confidence_mean,confidence_std,cv_stability,prediction_entropy,individual_contribution,ensemble_diversity,marginal_improvement,computational_overhead
2025-08-16T16:16:25.618300,lightgbm_solo,train,0.9524968789013732,0.953630652164501,0.9593968363874911,0.9524968789013732,0.9953984338378236,1.4097132682800293,0,0.0,0.8945011561048892,0.899230397909059,0.2218457848421043,0.842282743900499,0.1292795513379315,0.0,0.4317853768561296,0.0,0.0,0.0,0.0
2025-08-16T16:16:25.618300,lightgbm_solo,test,0.8292134831460675,0.8320721511296644,0.8369389728750376,0.8292134831460675,0.8949954904433741,1.4097132682800293,0,0.0,0.612990998016512,0.6146447259104948,0.4513905233984692,0.8025466299789118,0.15238450436801274,0.0,0.4925727702092084,0.0,0.0,0.0,0.0
2025-08-16T16:16:50.912332,lightgbm_xgboost_ensemble,train,0.9707240948813982,0.9708378584507411,0.9711165502505412,0.9707240948813982,0.9964120607540632,5.280532360076904,0,0.0,0.931196680582189,0.9312984339403543,0.18615202749958737,0.8511370190916684,0.12500362283472657,0.0,0.4148571062989439,0.0,0.0,0.0,0.0
2025-08-16T16:16:50.912332,lightgbm_xgboost_ensemble,test,0.8461922596754058,0.8401416550785201,0.8386961344402221,0.8461922596754058,0.8976960638323193,5.280532360076904,0,0.0,0.6173695857303181,0.619965081577926,0.40487127151388597,0.81962367012963,0.14595180452712933,0.0,0.46544561660691436,0.0,0.0,0.0,0.0
2025-08-16T16:17:02.435678,lightgbm_randomforest,train,0.9436329588014981,0.9451800602332517,0.9529218298899641,0.9436329588014981,0.9934398868363623,2.2576904296875,0.10000000000000853,0.0,0.8761296677411756,0.882345879923187,0.5201213814034559,0.6142941635630045,0.0799938884396537,0.0,0.9036458524957115,0.0,0.0,0.0,0.0
2025-08-16T16:17:02.435678,lightgbm_randomforest,test,0.8164794007490637,0.8211668774054035,0.8293469974006263,0.8164794007490637,0.8946349468718011,2.2576904296875,0.10000000000000853,0.0,0.5916280897113461,0.5946065222084056,0.6384246380952651,0.595194678494204,0.08891286468314459,0.0,0.9190611369749747,0.0,0.0,0.0,0.0
2025-08-16T16:18:24.912628,xgboost_randomforest,train,0.9535580524344569,0.9525517705515555,0.9541871777905382,0.9535580524344569,0.992744421155333,4.620100498199463,0,0.0,0.8853739649772632,0.8876708110791122,0.4871996717818626,0.6297135052643759,0.07273925950236859,0.0,0.8893692936586934,0.0,0.0,0.0,0.0
2025-08-16T16:18:24.912628,xgboost_randomforest,test,0.8454431960049937,0.8312134562922139,0.836173057818387,0.8454431960049937,0.8918430380259069,4.620100498199463,0,0.0,0.5881687184348153,0.6017905359311019,0.5930157534571501,0.6201422043391173,0.07693117207867305,0.0,0.8983489887217813,0.0,0.0,0.0,0.0
2025-08-16T16:18:44.104753,xgboost_solo,train,0.9555555555555556,0.9543951416385926,0.9566743477788966,0.9555555555555556,0.9953492535595412,3.7321672439575195,0,0.0,0.8895077054790373,0.8926843006328692,0.17264017603062715,0.8757818937301636,0.12412533909082413,0.0,0.3568992018699646,0.0,0.0,0.0,0.0
2025-08-16T16:18:44.104753,xgboost_solo,test,0.8471910112359551,0.8316548582626974,0.8398914333964737,0.8471910112359551,0.8942696428816292,3.7321672439575195,0,0.0,0.5877095022811671,0.6045898294850014,0.4038302493402072,0.857370138168335,0.1375867873430252,0.0,0.39172860980033875,0.0,0.0,0.0,0.0
2025-08-16T16:20:29.639736,lightgbm_advancedsvm,train,0.9613607990012485,0.9614828779560407,0.96171948784135,0.9613607990012485,0.991666184823215,30.095968008041382,0,0.0,0.908963675438085,0.9090195959353888,0.30446805197084786,0.7582090500268953,0.1279549977910269,0.0,0.5921100213276845,0.0,0.0,0.0,0.0
2025-08-16T16:20:29.639736,lightgbm_advancedsvm,test,0.8421972534332085,0.8315075457965337,0.8318442266168561,0.8421972534332085,0.8836594233016312,30.095968008041382,0,0.0,0.5906493466167391,0.5985866590577488,0.46610243438394067,0.7410767290609804,0.13523696379545588,0.0,0.6169631163292796,0.0,0.0,0.0,0.0
2025-08-16T16:22:14.497848,lightgbm_advancedsvm_randomforest,train,0.9548064918851435,0.9550205505685722,0.9553999788140806,0.9548064918851435,0.9898062423050872,31.700498580932617,0,0.0,0.8939805336644402,0.8941052197678863,0.47772256494378157,0.6339683574734387,0.08810931344378711,0.0,0.8573351265374135,0.0,0.0,0.0,0.0
2025-08-16T16:22:14.497848,lightgbm_advancedsvm_randomforest,test,0.8367041198501872,0.827995836464932,0.8267440750166677,0.8367041198501872,0.882866065591129,31.700498580932617,0,0.0,0.5841749390495686,0.5891672317210199,0.5850567300722155,0.6225590920416791,0.09236971497872086,0.0,0.8682692467384131,0.0,0.0,0.0,0.0
2025-08-16T16:26:32.847857,xgboost_advancedsvm_randomforest,train,0.9211610486891386,0.9165302033769738,0.9253396023085319,0.9211610486891386,0.9869977700102769,31.66092014312744,0.29999999999999716,0.0,0.7941400054623977,0.8061086611715936,0.4655014675140301,0.653011071649406,0.0900129203443434,0.0,0.8355923857283297,0.0,0.0,0.0,0.0
2025-08-16T16:26:32.847857,xgboost_advancedsvm_randomforest,test,0.8392009987515605,0.8171722676942528,0.8352739523987087,0.8392009987515605,0.8743338721766292,31.66092014312744,0.29999999999999716,0.0,0.5468080631413484,0.57669920647944,0.56802529632467,0.6502822518102966,0.0865315520305467,0.0,0.8411650872283649,0.0,0.0,0.0,0.0
2025-08-16T16:26:36.889014,logisticregression_solo,train,0.6380774032459425,0.6635129744174632,0.7884282964216114,0.6380774032459425,0.8314315534559387,0.2528395652770996,0,0.0,0.38868747266059456,0.44123906684804404,0.76134618736744,0.6379934653102517,0.1422394486105392,0.0,0.7857758523949685,0.0,0.0,0.0,0.0
2025-08-16T16:26:36.889014,logisticregression_solo,test,0.5423220973782772,0.5765303162701879,0.6872290345859832,0.5423220973782772,0.6841857171802075,0.2528395652770996,0,0.0,0.22000422660870123,0.2480934315584222,0.909156173307657,0.6361517812830457,0.14062114570981235,0.0,0.7907193512400986,0.0,0.0,0.0,0.0
2025-08-16T16:27:09.478697,knn_solo,train,0.8017478152309613,0.7727450660698357,0.7947647095085266,0.8017478152309613,0.8638852590129859,0.002756357192993164,0,0.0,0.4206689505824587,0.45666384887256145,0.4272679517904612,0.7824094881398252,0.16891424475827918,0.0,0.448775209809869,0.0,0.0,0.0,0.0
2025-08-16T16:27:09.478697,knn_solo,test,0.7225967540574282,0.680048267058239,0.6747885289340371,0.7225967540574282,0.644216178094306,0.002756357192993164,0,0.0,0.1766080371462786,0.19481797784213062,3.231181580673817,0.7778277153558052,0.16920988534738385,0.0,0.455717461859092,0.0,0.0,0.0,0.0
2025-08-16T16:27:12.428130,ridge_solo,train,0.6380774032459425,0.6635129744174632,0.7884282964216114,0.6380774032459425,0.8314315534559387,0.24374747276306152,0,0.0,0.38868747266059456,0.44123906684804404,0.76134618736744,0.6379934653102517,0.1422394486105392,0.0,0.7857758523949685,0.0,0.0,0.0,0.0
2025-08-16T16:27:12.428130,ridge_solo,test,0.5423220973782772,0.5765303162701879,0.6872290345859832,0.5423220973782772,0.6841857171802075,0.24374747276306152,0,0.0,0.22000422660870123,0.2480934315584222,0.909156173307657,0.6361517812830457,0.14062114570981235,0.0,0.7907193512400986,0.0,0.0,0.0,0.0
2025-08-16T16:27:16.213723,sgd_solo,train,0.7725967540574282,0.7690096437390899,0.7664266333337897,0.7725967540574282,0.8023600632867476,0.6638567447662354,0,0.0,0.44748309537145714,0.4479996645948355,0.6433134539451659,0.6072133591887117,0.10644912353198736,0.0,0.8247995506786542,0.0,0.0,0.0,0.0
2025-08-16T16:27:16.213723,sgd_solo,test,0.7305867665418228,0.7248386927935654,0.7203738798210813,0.7305867665418228,0.7205548466376167,0.6638567447662354,0,0.0,0.34234351458704293,0.34295018925949056,0.7002331316219037,0.6043828496213193,0.10734280370461168,0.0,0.8304869584924176,0.0,0.0,0.0,0.0
2025-08-16T16:31:00.010302,randomforest_solo,train,0.6312109862671661,0.6587619503156926,0.7511207974435894,0.6312109862671661,0.819741123250864,0.8529512882232666,0.10000000000000142,0.0,0.34339507034456196,0.37708732734524947,0.9736349262144415,0.4122210992254372,0.04718443175805547,0.0,1.0746563269724627,0.0,0.0,0.0,0.0
2025-08-16T16:31:00.010302,randomforest_solo,test,0.6367041198501873,0.6637372885462488,0.7501315140663481,0.6367041198501873,0.7970454587077792,0.8529512882232666,0.10000000000000142,0.0,0.34639967562674867,0.37781407580455945,0.9804899793854146,0.41078846599085517,0.04555135721599445,0.0,1.0756383503255555,0.0,0.0,0.0,0.0
2025-08-16T16:49:00.396211,lightgbm_logisticregression,train,0.91167290886392,0.9154332250319615,0.9333435625873832,0.91167290886392,0.990532748384054,1.5654468536376953,0.10000000000000142,0.0,0.8136184808956126,0.8269252783918627,0.42414882611978294,0.6927668834726911,0.13088283627679909,0.0,0.7105373156730341,0.0,0.0,0.0,0.0
2025-08-16T16:49:00.396211,lightgbm_logisticregression,test,0.7780274656679151,0.7864623402681559,0.8021259713186659,0.7780274656679151,0.8647138102514715,1.5654468536376953,0.10000000000000142,0.0,0.5213284057831897,0.5270919871326121,0.5878500630143827,0.6620280848027363,0.13287217912507035,0.0,0.7489924786473678,0.0,0.0,0.0,0.0
2025-08-16T16:49:41.742306,xgboost_logisticregression,train,0.9415730337078652,0.9414341238811633,0.9413231002632895,0.9415730337078652,0.9864376021346674,5.048660755157471,0.8999999999999986,0.0,0.8611140596172756,0.8611426247917799,0.389378006602086,0.7018737219662148,0.12569979235939316,0.0,0.696104908532808,0.0,0.0,0.0,0.0
2025-08-16T16:49:41.742306,xgboost_logisticregression,test,0.8209737827715355,0.8130641657506619,0.8096097480582995,0.8209737827715355,0.8462346443992127,5.048660755157471,0.8999999999999986,0.0,0.5470464644170299,0.5507726402055199,0.5473935067725417,0.6826535950283562,0.12433661154043157,0.0,0.7229811964047919,0.0,0.0,0.0,0.0
2025-08-16T16:49:48.146143,randomforest_logisticregression,train,0.6426342072409488,0.6679184990549313,0.7909129913289787,0.6426342072409488,0.8517422187904019,1.2642223834991455,0,0.0,0.39433321822420897,0.4466536833688319,0.8339518454277919,0.5147454508254188,0.08805848966280816,0.0,0.9904283710709602,0.0,0.0,0.0,0.0
2025-08-16T16:49:48.146143,randomforest_logisticregression,test,0.5612983770287141,0.5937981946869105,0.7053293823525497,0.5612983770287141,0.7195892095680025,1.2642223834991455,0,0.0,0.25131831902474566,0.28321168681452324,0.9013014782090132,0.5118160436889135,0.08571685601316835,0.0,0.9935804865430167,0.0,0.0,0.0,0.0
2025-08-16T16:50:35.857211,lightgbm_knn,train,0.9661048689138577,0.9660504691744166,0.9660648867995444,0.9661048689138577,0.9936766683855732,1.7732882499694824,0,0.0,0.9194946861380556,0.9195253072994639,0.28197123329006824,0.775211572520991,0.14447037373559748,0.0,0.532046754331174,0.0,0.0,0.0,0.0
2025-08-16T16:50:35.857211,lightgbm_knn,test,0.8169787765293384,0.8020430312523924,0.8024434142796629,0.8169787765293384,0.862752609861397,1.7732882499694824,0,0.0,0.5100245299429037,0.5226712936267595,0.48595566407433055,0.7438220239921401,0.1512014338202056,0.0,0.5819100787119048,0.0,0.0,0.0,0.0
2025-08-16T17:37:31.480639,xgboost_knn,train,0.9171660424469413,0.9113498778440471,0.9234891256197534,0.9171660424469413,0.9917087385691076,9.501617431640625,0.09999999999999432,0.0,0.7799237958137265,0.7966240772612251,0.2726136485717231,0.8063274989526641,0.14912551806194888,0.0,0.46749204272326383,0.0,0.0,0.0,0.0
2025-08-16T17:37:31.480639,xgboost_knn,test,0.8232209737827715,0.7928473884914161,0.8228648368361657,0.8232209737827715,0.847623369321902,9.501617431640625,0.09999999999999432,0.0,0.47445679189449763,0.5243162341170577,0.4952595023449501,0.7911749211989911,0.14276219138312696,0.0,0.5050412840364062,0.0,0.0,0.0,0.0
2025-08-16T17:38:47.171052,xgboost_catboost_lightgbm,train,0.9397003745318352,0.9386581868516063,0.9396703404065322,0.9397003745318352,0.9896276613158046,10.222209215164185,0.20000000000000284,0.0,0.8522567164760475,0.8537913649143327,0.23338470640877784,0.8266137731997114,0.13700620290066798,0.0,0.46552331996818663,0.0,0.0,0.0,0.0
2025-08-16T17:38:47.171052,xgboost_catboost_lightgbm,test,0.846441947565543,0.8367642508557441,0.8375105174975443,0.846441947565543,0.8967713091844051,10.222209215164185,0.20000000000000284,0.0,0.6047890788400119,0.6116316340991913,0.40531814177847053,0.8147723012531024,0.14320710602995287,0.0,0.487455907444564,0.0,0.0,0.0,0.0
2025-08-16T17:43:26.952825,xgboost_advancedsvm_2model,train,0.9220973782771535,0.9172416590537424,0.9273663483550243,0.9220973782771535,0.989646012926025,78.46045231819153,0.6000000000000014,0.0,0.7952362514228154,0.8090186458513255,0.2942508598302756,0.7879246900897339,0.13447793455782284,0.0,0.5371954144982286,0.0,0.0,0.0,0.0
2025-08-16T17:43:26.952825,xgboost_advancedsvm_2model,test,0.8392009987515605,0.8144104775450622,0.840123029621409,0.8392009987515605,0.8753193115578588,78.46045231819153,0.6000000000000014,0.0,0.5375255513717052,0.5756460827115025,0.4616752140630058,0.7852176179440727,0.12853018871091162,0.0,0.55004053037178,0.0,0.0,0.0,0.0
2025-08-16T17:44:51.950970,xgboost_lightgbm_randomforest_linearsvm,train,0.9620474406991261,0.9620028111481713,0.9621732160954415,0.9620474406991261,0.993828551809851,16.287474632263184,0.29999999999999716,0.0,0.9098038276589483,0.9098748678065225,0.43247863869429953,0.6629021985825087,0.09195675639548341,0.0,0.8191116275151258,0.0,0.0,0.0,0.0
2025-08-16T17:44:51.950970,xgboost_lightgbm_randomforest_linearsvm,test,0.8399500624219726,0.8310205035732735,0.8297678085366295,0.8399500624219726,0.890011970040413,16.287474632263184,0.29999999999999716,0.0,0.5908135004504358,0.5963648769824447,0.552543040922966,0.6478371469829127,0.09690056158730348,0.0,0.8349067241801799,0.0,0.0,0.0,0.0
2025-08-16T18:00:23.475327,naivebayes_solo,train,0.2636704119850187,0.23007771785765466,0.7910810886309817,0.2636704119850187,0.5794763761454292,0.363372802734375,1.3999999999999986,0.0,0.10758681771639356,0.18558765186355197,26.54000845056341,1.0,0.0,0.0,7.0076753511984e-14,0.0,0.0,0.0,0.0
2025-08-16T18:00:23.475327,naivebayes_solo,test,0.19275905118601747,0.19584171145447493,0.5811472489035218,0.19275905118601747,0.500347253517116,0.363372802734375,1.3999999999999986,0.0,-0.0011679370543398182,-0.0019116832883477363,29.09591296055324,1.0,0.0,0.0,7.0076753511984e-14,0.0,0.0,0.0,0.0
2025-08-16T18:02:41.524391,xgboost_lightgbm_naivebayes,train,0.9367665418227216,0.9390680474884752,0.948468719097199,0.9367665418227216,0.9942238256307597,41.98126816749573,0.6999999999999957,0.0,0.8616386495957574,0.8683478830112897,0.46180481294053244,0.6617628566870439,0.1507802571561485,0.0,0.6802200809168473,0.0,0.0,0.0,0.0
2025-08-16T18:02:41.524391,xgboost_lightgbm_naivebayes,test,0.7965043695380774,0.8036801775227256,0.8137694411972761,0.7965043695380774,0.8582693212648465,41.98126816749573,0.6999999999999957,0.0,0.5464028025659338,0.548902091552748,0.6684410561460515,0.6208611069915625,0.1405682864968642,0.0,0.7413830085015863,0.0,0.0,0.0,0.0
2025-08-16T18:03:10.089719,lightgbm_randomforest_naivebayes,train,0.46779026217228464,0.4824623217864387,0.8229768843424081,0.46779026217228464,0.9797641145076584,5.401461839675903,1.6000000000000014,0.0,0.26905273113774064,0.37481978976367436,0.7698535411745523,0.5488398387946939,0.13545213885744137,0.0,0.9035285289486741,0.0,0.0,0.0,0.0
2025-08-16T18:03:10.089719,lightgbm_randomforest_naivebayes,test,0.38526841448189764,0.41503531448187875,0.7384427305160822,0.38526841448189764,0.811123153222776,5.401461839675903,1.6000000000000014,0.0,0.15975338429362573,0.22340865883881172,0.9092060101155519,0.5254959608673965,0.11536011991207742,0.0,0.9328301778419745,0.0,0.0,0.0,0.0
2025-08-16T18:05:57.531184,xgboost_randomforest_naivebayes,train,0.5748439450686642,0.6104692129588611,0.8349562440709128,0.5748439450686642,0.9777165618345485,60.59576177597046,0,0.0,0.35396329150942085,0.4411252286723884,0.7252477164465905,0.5308466921108007,0.1268934801428571,0.0,0.9119028546363048,0.0,0.0,0.0,0.0
2025-08-16T18:05:57.531184,xgboost_randomforest_naivebayes,test,0.47166042446941325,0.5234768679759891,0.7428589892730216,0.47166042446941325,0.8059899974588591,60.59576177597046,0,0.0,0.20353203820754528,0.25488402241360664,0.858019035519026,0.512070808094063,0.11241324310825902,0.0,0.9333682059538397,0.0,0.0,0.0,0.0
2025-08-16T18:07:51.600896,randomforest_knn_naivebayes,train,0.47503121098626716,0.514901235115934,0.8120730095874155,0.47503121098626716,0.8913377648108627,6.901989936828613,1.2999999999999972,0.0,0.25162238968645556,0.3378876709342268,0.8374572595396759,0.5172085474448684,0.10252761089097581,0.0,0.943624309974576,0.0,0.0,0.0,0.0
2025-08-16T18:07:51.600896,randomforest_knn_naivebayes,test,0.3588014981273408,0.41663078992775476,0.652164163179157,0.3588014981273408,0.6497255224418633,6.901989936828613,1.2999999999999972,0.0,0.06968817832523355,0.09133809284756836,0.9819738027296105,0.5107870127863867,0.09920604477795254,0.0,0.9523941072807828,0.0,0.0,0.0,0.0
2025-08-16T18:08:27.349449,lightgbm_naivebayes,train,0.2636704119850187,0.23007771785765466,0.7910810886309817,0.2636704119850187,0.9705854963755716,4.288888692855835,1.6000000000000014,0.0,0.10758681771639356,0.18558765186355197,0.7075847109452728,0.6464922813064824,0.18211533850015366,0.0,0.6487158877259979,0.0,0.0,0.0,0.0
2025-08-16T18:08:27.349449,lightgbm_naivebayes,test,0.19275905118601747,0.19584171145447493,0.5811472489035218,0.19275905118601747,0.787350100917166,4.288888692855835,1.6000000000000014,0.0,-0.0011679370543398182,-0.0019116832883477363,0.9365947520336265,0.6148642319642418,0.1532357582962012,0.0,0.714988062534279,0.0,0.0,0.0,0.0
2025-08-16T18:14:21.462516,xgboost_naivebayes,train,0.2636704119850187,0.23007771785765466,0.7910810886309817,0.2636704119850187,0.9705341601297514,89.94048285484314,5.099999999999994,0.0,0.10758681771639356,0.18558765186355197,0.6342216184837529,0.6170424456236236,0.17191525361800064,0.0,0.6599234607471252,0.0,0.0,0.0,0.0
2025-08-16T18:14:21.462516,xgboost_naivebayes,test,0.19275905118601747,0.19584171145447493,0.5811472489035218,0.19275905118601747,0.7869929122165326,89.94048285484314,5.099999999999994,0.0,-0.0011679370543398182,-0.0019116832883477363,0.863446138106869,0.5937542787334438,0.1516143466326275,0.0,0.7056452012414629,0.0,0.0,0.0,0.0
2025-08-16T18:14:41.759894,randomforest_naivebayes,train,0.2636704119850187,0.23007771785765466,0.7910810886309817,0.2636704119850187,0.830210573934252,4.390342473983765,4.699999999999989,0.0,0.10758681771639356,0.18558765186355197,1.3343176069838645,0.6674022790352446,0.040706171304476436,0.0,0.8584763885934541,0.0,0.0,0.0,0.0
2025-08-16T18:14:41.759894,randomforest_naivebayes,test,0.19275905118601747,0.19584171145447493,0.5811472489035218,0.19275905118601747,0.7137908537662513,4.390342473983765,4.699999999999989,0.0,-0.0011679370543398182,-0.0019116832883477363,1.4294707455461921,0.6629390649321638,0.03806546344216097,0.0,0.8648771344774251,0.0,0.0,0.0,0.0
2025-08-16T18:16:06.082852,lightgbm_catboost_naivebayes,train,0.8971285892634208,0.9025237851320431,0.9212995785924626,0.8971285892634208,0.9787571461881568,11.068615436553955,1.0,0.0,0.7815451990709521,0.7932315770650983,0.5285832489700452,0.63254319924563,0.1429349452480515,0.0,0.7341513909358229,0.0,0.0,0.0,0.0
2025-08-16T18:16:06.082852,lightgbm_catboost_naivebayes,test,0.7860174781523096,0.795558858371958,0.8095247992244141,0.7860174781523096,0.8535627920688141,11.068615436553955,1.0,0.0,0.529521125996035,0.5332255793541273,0.682949170316366,0.6079553270115188,0.13821833389294647,0.0,0.7686255963184536,0.0,0.0,0.0,0.0
2025-08-16T18:34:07.358437,lightgbm_catboost_advancedsvm,train,0.9114856429463171,0.9078622795617362,0.9120607663498055,0.9114856429463171,0.9812685068670968,85.61791801452637,2.5999999999999943,0.0,0.7744662243404791,0.7808675340506348,0.31628131290282385,0.7684630282236554,0.13659323186122624,0.0,0.5770617937069046,0.0,0.0,0.0,0.0
2025-08-16T18:34:07.358437,lightgbm_catboost_advancedsvm,test,0.8456928838951311,0.8322964542723725,0.8374305495946801,0.8456928838951311,0.8882280747074935,85.61791801452637,2.5999999999999943,0.0,0.5889602217640887,0.6024482789304023,0.44627434349032624,0.7643175852245604,0.13306258716135144,0.0,0.5896540343906357,0.0,0.0,0.0,0.0
2025-08-16T18:37:30.352946,xgboost_catboost_advancedsvm,train,0.8933832709113608,0.8840751145502529,0.9002203376152719,0.8933832709113608,0.9766784113775504,93.97154784202576,0.9000000000000057,0.0,0.7111697119143201,0.7326011970263938,0.31604926007748385,0.7940317488400205,0.13383949643795534,0.0,0.5353419348413893,0.0,0.0,0.0,0.0
2025-08-16T18:37:30.352946,xgboost_catboost_advancedsvm,test,0.8392009987515605,0.8165113827269704,0.8368710606732553,0.8392009987515605,0.8828657182233197,93.97154784202576,0.9000000000000057,0.0,0.5448594593306881,0.5763968213654308,0.446305474528047,0.7947552559146783,0.12770855664130146,0.0,0.5409326880718426,0.0,0.0,0.0,0.0
2025-08-17T09:40:59.875576,lightgbm_catboost_advancedsvm,train,0.9114856429463171,0.9078622795617362,0.9120607663498055,0.9114856429463171,0.9812685068670968,716.0370728969574,32.400000000000006,0.0,0.7744662243404791,0.7808675340506348,0.3162813129212682,0.7684630282088184,0.13659323185603806,0.0,0.5770617937402941,0.0,0.0,0.0,0.0
2025-08-17T09:40:59.875576,lightgbm_catboost_advancedsvm,test,0.8456928838951311,0.8322964542723725,0.8374305495946801,0.8456928838951311,0.8882280747074935,716.0370728969574,32.400000000000006,0.0,0.5889602217640887,0.6024482789304023,0.4462743434961729,0.7643175852116498,0.13306258715456243,0.0,0.5896540344211335,0.0,0.0,0.0,0.0
2025-08-17T10:48:15.128403,xgboost_catboost_advancedsvm,train,0.8933832709113608,0.8840751145502529,0.9002203376152719,0.8933832709113608,0.9766784113775504,572.7398400306702,0,0.0,0.7111697119143201,0.7326011970263938,0.31604926009679085,0.7940317488263694,0.13383949643214196,0.0,0.5353419348752785,0.0,0.0,0.0,0.0
2025-08-17T10:48:15.128403,xgboost_catboost_advancedsvm,test,0.8392009987515605,0.8165113827269704,0.8368710606732553,0.8392009987515605,0.8828657182233197,572.7398400306702,0,0.0,0.5448594593306881,0.5763968213654308,0.44630547453287167,0.7947552559024768,0.12770855663413153,0.0,0.5409326881034262,0.0,0.0,0.0,0.0
2025-08-17T11:04:22.237498,xgboost_catboost_naivebayes,train,0.918414481897628,0.9192987504354039,0.9221380292749065,0.918414481897628,0.9741194220178643,46.013216495513916,1.2000000000000028,0.0,0.810629107820886,0.8114465652706374,0.5024813920659791,0.6385981999093394,0.1356384099265001,0.0,0.7202065019924772,0.0,0.0,0.0,0.0
2025-08-17T11:04:22.237498,xgboost_catboost_naivebayes,test,0.817478152309613,0.8137570358380295,0.8111636183785403,0.817478152309613,0.8456841310534775,46.013216495513916,1.2000000000000028,0.0,0.5528611552753481,0.5538815337070272,0.6620781384323943,0.6220879715915643,0.13394960866638944,0.0,0.7448680183146403,0.0,0.0,0.0,0.0
2025-08-17T11:59:06.190887,catboost_solo,train,0.8488764044943821,0.8333022325875762,0.8476150515718184,0.8488764044943821,0.9043849045522406,5.926178455352783,0.09999999999999432,0.0,0.5838211538849902,0.6066156352373425,0.40223160740276503,0.8179259683823293,0.13651263263914826,0.0,0.497846008421062,0.0,0.0,0.0,0.0
2025-08-17T11:59:06.190887,catboost_solo,test,0.8377028714107366,0.8193046463481299,0.8322696614677583,0.8377028714107366,0.8830905346074465,5.926178455352783,0.09999999999999432,0.0,0.552242502674161,0.5746296663426579,0.43287232014395616,0.8184934689785943,0.13528225030728905,0.0,0.49835167793336416,0.0,0.0,0.0,0.0
2025-08-17T11:59:38.216909,xgboost_cv_ensemble,train,0.6529962546816479,0.6780182063491819,0.7764091135202245,0.6529962546816479,0.8301356395586759,1.3616118431091309,0.10000000000000142,0.0,0.38936308645024154,0.43000986033556443,0.7332751097419921,0.6176600465164189,0.1314563367967314,0.0,0.8138286485874324,0.0,0.0,0.0,0.0
2025-08-17T11:59:38.216909,xgboost_cv_ensemble,test,0.5732833957553058,0.6040481392949081,0.6960637601816166,0.5732833957553058,0.6990835425508536,1.3616118431091309,0.10000000000000142,0.0,0.24679182968462532,0.2720266483373846,0.8518086073321881,0.6153034314366483,0.13007068120833565,0.0,0.8195677007217843,0.0,0.0,0.0,0.0
2025-08-17T11:59:47.207615,lightgbm_cv_ensemble,train,0.6529962546816479,0.6780182063491819,0.7764091135202245,0.6529962546816479,0.8301356395586759,1.464369773864746,0.20000000000000284,0.0,0.38936308645024154,0.43000986033556443,0.7332751097419921,0.6176600465164189,0.1314563367967314,0.0,0.8138286485874324,0.0,0.0,0.0,0.0
2025-08-17T11:59:47.207615,lightgbm_cv_ensemble,test,0.5732833957553058,0.6040481392949081,0.6960637601816166,0.5732833957553058,0.6990835425508536,1.464369773864746,0.20000000000000284,0.0,0.24679182968462532,0.2720266483373846,0.8518086073321881,0.6153034314366483,0.13007068120833565,0.0,0.8195677007217843,0.0,0.0,0.0,0.0
2025-08-17T12:00:57.361315,catboost_randomforest,train,0.848314606741573,0.8358912025016123,0.8432010794424443,0.848314606741573,0.9028818606069181,8.286293268203735,1.6999999999999957,0.0,0.5935572296490921,0.6084359904704553,0.6072312039637399,0.6016473895009564,0.07598675907472718,0.0,0.9191019371867494,0.0,0.0,0.0,0.0
2025-08-17T12:00:57.361315,catboost_randomforest,test,0.8382022471910112,0.8230992987934003,0.8297358358476038,0.8382022471910112,0.8804046536399673,8.286293268203735,1.6999999999999957,0.0,0.5646191398877677,0.5800734547232278,0.6218331760642055,0.60121099483468,0.07486047000941225,0.0,0.9203584532943329,0.0,0.0,0.0,0.0
2025-08-17T13:21:07.857013,catboost_advancedsvm_randomforest,train,0.8478152309612984,0.8283059949925979,0.8520406302423319,0.8478152309612984,0.9278125214351418,834.4426832199097,25.900000000000006,0.0,0.5697479849183829,0.6019570997651632,0.5459537493444465,0.6385788685190993,0.08811930989346166,0.0,0.8555562080044883,0.0,0.0,0.0,0.0
2025-08-17T13:21:07.857013,catboost_advancedsvm_randomforest,test,0.8314606741573034,0.8067781931843581,0.8311927334367634,0.8314606741573034,0.8638518782348509,834.4426832199097,25.900000000000006,0.0,0.5168761610654056,0.5520490394773894,0.5879983703602074,0.6386149933575351,0.08547831654253137,0.0,0.8568593958926934,0.0,0.0,0.0,0.0
2025-08-17T13:35:41.287783,lightgbm_neuralnetwork,train,0.9376404494382022,0.9363099082826727,0.9376913420853138,0.9376404494382022,0.9894693348444554,6.323883295059204,1.2000000000000028,0.0,0.8459368725835312,0.8482379523567622,0.2803050565004067,0.785604387571572,0.14468578638099047,0.0,0.5377988784136973,0.0,0.0,0.0,0.0
2025-08-17T13:35:41.287783,lightgbm_neuralnetwork,test,0.83270911360799,0.8190449750037623,0.822296058178928,0.83270911360799,0.8800928392221654,6.323883295059204,1.2000000000000028,0.0,0.5551387701448355,0.5674368546677865,0.4509496904984363,0.7682791641884131,0.1422429850538221,0.0,0.5705302627769513,0.0,0.0,0.0,0.0
2025-08-17T13:38:04.936026,xgboost_neuralnetwork,train,0.8888888888888888,0.8776087581053633,0.8984430959728834,0.8888888888888888,0.9867169645411072,46.39409565925598,1.0,0.0,0.6936711568957432,0.7211891131993879,0.2776406013267834,0.8229992181717524,0.1374571385188367,0.0,0.4733787590337202,0.0,0.0,0.0,0.0
2025-08-17T13:38:04.936026,xgboost_neuralnetwork,test,0.8277153558052435,0.79975878761704,0.8292891303046156,0.8277153558052435,0.8703221050905049,46.39409565925598,1.0,0.0,0.49616551959520405,0.5392120453222188,0.45477021045678484,0.8156120774804598,0.12935816588715493,0.0,0.4949768540467466,0.0,0.0,0.0,0.0
2025-08-17T14:17:59.567608,xgboost_neuralnetwork_naivebayes,train,0.9284019975031211,0.9285281332008586,0.9311841766521836,0.9284019975031211,0.9781272573212507,44.30122756958008,9.900000000000006,0.0,0.8319882351331915,0.8327994900923712,0.5131584405878233,0.626849984129341,0.13291798564486254,0.0,0.734708372977429,0.0,0.0,0.0,0.0
2025-08-17T14:17:59.567608,xgboost_neuralnetwork_naivebayes,test,0.800749063670412,0.7925860415746387,0.7888021054938263,0.800749063670412,0.8076878863371143,44.30122756958008,9.900000000000006,0.0,0.49419381426852693,0.49802380548025565,0.7019607805471625,0.6062065173027442,0.13689382479708345,0.0,0.7628653048393786,0.0,0.0,0.0,0.0
2025-08-17T14:20:18.910246,xgboost_neuralnetwork_randomforest,train,0.8918227215980025,0.8817069624270362,0.8993035888637568,0.8918227215980025,0.983844329103063,45.20631814002991,3.3999999999999986,0.0,0.7051473535729573,0.7286043065448888,0.4498036151676079,0.6761875347961566,0.09423303092808706,0.0,0.8086702995003565,0.0,0.0,0.0,0.0
2025-08-17T14:20:18.910246,xgboost_neuralnetwork_randomforest,test,0.8324594257178527,0.808179177417101,0.829041189013993,0.8324594257178527,0.8702413072839094,45.20631814002991,3.3999999999999986,0.0,0.5214299642856188,0.555353902024961,0.5557201330171275,0.6700285497313274,0.0889363937924752,0.0,0.8182821943413646,0.0,0.0,0.0,0.0
2025-08-17T16:03:34.366096,lightgbm_neuralnetwork_advancedsvm,train,0.8998751560549313,0.8931280322174154,0.9042870636606312,0.8998751560549313,0.9853201317287045,831.0730977058411,0,0.0,0.734444078970893,0.7496536879876002,0.3276076931674628,0.7587275901445835,0.13836376716246826,0.0,0.5884861511909331,0.0,0.0,0.0,0.0
2025-08-17T16:03:34.366096,lightgbm_neuralnetwork_advancedsvm,test,0.8277153558052435,0.8048192202745317,0.8213869674818096,0.8277153558052435,0.8699533985726492,831.0730977058411,0,0.0,0.5162725971826547,0.5431751616928643,0.47735724282936604,0.7501870014027726,0.13202073706983908,0.0,0.608495403349523,0.0,0.0,0.0,0.0
2025-08-17T16:04:02.596750,lightgbm_neuralnetwork_naivebayes,train,0.8943820224719101,0.9011028335129849,0.9222288075116281,0.8943820224719101,0.9819658340269246,5.967280626296997,1.5,0.0,0.7756564285630101,0.7877463976759478,0.5357200730995694,0.6194820310159392,0.1390563375940757,0.0,0.7522044596996315,0.0,0.0,0.0,0.0
2025-08-17T16:04:02.596750,lightgbm_neuralnetwork_naivebayes,test,0.7543071161048689,0.7648755797488013,0.7799162478711481,0.7543071161048689,0.8163331664044405,5.967280626296997,1.5,0.0,0.46058324713577026,0.4640057650977937,0.7152571516346858,0.5899345328769207,0.1393685909716123,0.0,0.7912029849284612,0.0,0.0,0.0,0.0
2025-08-17T16:28:57.022662,lightgbm_neuralnetwork_randomforest,train,0.9291510611735331,0.9277063283171568,0.928749442254022,0.9291510611735331,0.9875752001186682,10.048139095306396,0,0.0,0.8255592203359534,0.8274817374668832,0.45813413136543746,0.6520679400615657,0.10148180504284102,0.0,0.8340568761988492,0.0,0.0,0.0,0.0
2025-08-17T16:28:57.022662,lightgbm_neuralnetwork_randomforest,test,0.8337078651685393,0.8218306748748555,0.8230762448223538,0.8337078651685393,0.8797725055486629,10.048139095306396,0,0.0,0.56407393842583,0.5735425921624704,0.5696758702995547,0.6403438626860993,0.09811857370924003,0.0,0.8486645631867961,0.0,0.0,0.0,0.0
2025-08-17T16:30:29.021801,catboost_randomforest_naivebayes,train,0.4361423220973783,0.45669219923520527,0.8083062256019532,0.4361423220973783,0.9003029166714492,14.370112895965576,1.2000000000000028,0.0,0.23206929952322475,0.3279679611182278,0.8117848908427683,0.5181086634648406,0.11230754626642502,0.0,0.9349042519582278,0.0,0.0,0.0,0.0
2025-08-17T16:30:29.021801,catboost_randomforest_naivebayes,test,0.36479400749063673,0.4065644042257655,0.7074009504466285,0.36479400749063673,0.7870691089137256,14.370112895965576,1.2000000000000028,0.0,0.12143061137485878,0.16760874748662943,0.8844913604351752,0.5099882297835658,0.10730345326926277,0.0,0.9437313155197684,0.0,0.0,0.0,0.0
